id,userId,image,name,detail,location,startDate,endDate,startTime,endTime,maxParticipant,status
520c091f-3628-4e68-a861-2ebc0f517859,259507b0-d762-459b-8807-42452ab039f5,2023-09-27_1695814377870.png,Event1,Detail1,Location1,2023-09-29,2023-09-29,10:00,16:00,50,true
520c091f-3628-4e68-a861-2ebc0f517860,259507b0-d762-459b-8807-42452ab039f5,2023-09-27_1695814377870.png,Event2,Detail2,Location2,2023-09-30,2023-09-30,10:00,16:00,10,true
520c091f-3628-4e68-a861-2ebc0f517861,259507b0-d762-459b-8807-42452ab039f5,2023-09-27_1695814377870.png,Event3,Detail3,Location3,2023-10-29,2023-10-29,10:00,16:00,20,true
520c091f-3628-4e68-a861-2ebc0f517862,259507b0-d762-459b-8807-42452ab039f5,2023-09-27_1695814377870.png,Event4,Detail4,Location4,2023-11-29,2023-11-29,10:00,16:00,100,true
520c091f-3628-4e68-a861-2ebc0f517863,259507b0-d762-459b-8807-42452ab039f5,2023-09-27_1695814377870.png,Event5,Detail5,Location5,2023-12-29,2023-12-29,10:00,16:00,56,true
520c091f-3628-4e68-a861-2ebc0f517864,259507b0-d762-459b-8807-42452ab039f5,2023-09-27_1695814377870.png,Event6,Detail6,Location6,2023-10-20,2023-10-20,10:00,16:00,60,true
520c091f-3628-4e68-a861-2ebc0f517865,259507b0-d762-459b-8807-42452ab039f5,2023-09-27_1695814377870.png,Event7,Detail7,Location7,2023-11-21,2023-11-21,10:00,16:00,90,true
520c091f-3628-4e68-a861-2ebc0f517866,259507b0-d762-459b-8807-42452ab039f5,2023-09-27_1695814377870.png,Event8,Detail8,Location8,2023-12-29,2023-12-29,10:00,16:00,55,true
520c091f-3628-4e68-a861-2ebc0f517867,259507b0-d762-459b-8807-42452ab039f5,2023-09-27_1695814377870.png,Event9,Detail9,Location9,2023-10-20,2023-10-20,10:00,16:00,11,true
520c091f-3628-4e68-a861-2ebc0f517868,259507b0-d762-459b-8807-42452ab039f5,2023-09-27_1695814377870.png,Event10,Detail10,Location10,2023-11-21,2023-11-21,10:00,16:00,30,true